VOLUME_NET_OVER_WT,TEXTURE_GLRLM_ED_T1Gd_LGRE,TEXTURE_GLSZM_NET_FLAIR_LZHGE,SOLIDITY_ED,TEXTURE_GLCM_NET_T2_Contrast,HISTO_ET_FLAIR_Bin5,TEXTURE_GLRLM_ED_T2_GLN,HISTO_ET_T1_Bin9,TEXTURE_GLCM_ET_FLAIR_Energy,HISTO_ED_T1Gd_Bin7,HISTO_NET_T1_Bin1,TEXTURE_GLSZM_ED_T2_LGZE,HISTO_ET_T1_Bin5,TEXTURE_GLRLM_ED_FLAIR_HGRE,HISTO_NET_FLAIR_Bin10,TEXTURE_GLCM_ET_FLAIR_Dissimilarity,HISTO_ED_FLAIR_Bin10,TEXTURE_GLCM_ED_T2_Variance,SPATIAL_Temporal,SPATIAL_Insula,TEXTURE_GLSZM_ED_T2_SZE,TEXTURE_GLRLM_ED_T2_GLV,HISTO_ET_T1_Bin8,INTENSITY_Mean_ET_FLAIR,TEXTURE_GLRLM_ED_T1Gd_LRLGE,SPATIAL_Frontal,HISTO_NET_T2_Bin2,HISTO_NET_FLAIR_Bin6,HISTO_NET_T2_Bin7,TEXTURE_GLRLM_ED_T1_SRLGE,TEXTURE_GLOBAL_ED_T1Gd_Skewness,HISTO_NET_T1_Bin4,TEXTURE_GLSZM_NET_T2_SZLGE,TEXTURE_GLSZM_ET_T1_ZSV,TEXTURE_GLOBAL_ED_T1_Skewness,TEXTURE_GLCM_NET_T2_Homogeneity,TEXTURE_GLSZM_ED_FLAIR_SZHGE,HISTO_ET_T2_Bin4,TEXTURE_GLSZM_ED_FLAIR_LZLGE,TGM_Cog_Y_1,TEXTURE_GLSZM_ED_T1Gd_GLN,TEXTURE_GLCM_ED_T1Gd_Correlation,TEXTURE_GLSZM_ET_T2_LZLGE,TEXTURE_GLCM_NET_T2_Variance,TEXTURE_GLSZM_ED_T1_LZHGE,TEXTURE_GLRLM_ET_T2_LGRE,VOLUME_ET_OVER_NET,TEXTURE_GLSZM_ED_T2_LZLGE,TEXTURE_GLSZM_ED_FLAIR_SZE,TEXTURE_GLRLM_NET_T2_LRLGE,INTENSITY_Mean_ED_T1Gd,TEXTURE_GLRLM_NET_FLAIR_GLN,TEXTURE_GLRLM_NET_T2_GLN,TEXTURE_GLSZM_ED_T1Gd_SZHGE,HISTO_ET_T1_Bin1,HISTO_NET_T1Gd_Bin7,TEXTURE_GLSZM_NET_T1_SZHGE,TEXTURE_GLRLM_ED_T1Gd_RLV,TEXTURE_GLRLM_NET_T1Gd_GLV,HISTO_NET_T1_Bin5,HISTO_ET_T1_Bin10,TEXTURE_GLOBAL_NET_T2_Variance,TEXTURE_GLRLM_NET_T2_SRHGE,TEXTURE_GLOBAL_ED_FLAIR_Kurtosis,TEXTURE_NGTDM_ED_T1_Coarseness,HISTO_NET_T2_Bin8,TEXTURE_GLOBAL_ET_FLAIR_Skewness,TGM_dw,HISTO_ED_T2_Bin1,TEXTURE_GLRLM_ED_FLAIR_GLV,INTENSITY_STD_ED_T2,TEXTURE_GLRLM_ET_T2_LRHGE,HISTO_ET_FLAIR_Bin7,TEXTURE_NGTDM_NET_T1Gd_Contrast,TEXTURE_GLCM_NET_FLAIR_Correlation,HISTO_ET_T1_Bin4,INTENSITY_STD_ED_FLAIR,HISTO_ET_T1_Bin6,TEXTURE_GLOBAL_NET_T2_Kurtosis,HISTO_ED_T2_Bin7,ECCENTRICITY_NET,VOLUME_WT_OVER_BRAIN,HISTO_ED_T1Gd_Bin2,TEXTURE_GLCM_ED_T1_Variance
0.412072663,0.023339,1008943.515,0.39979,39.5739,0.0,0.016778,0.0,0.0,0.19633,0.084188,0.0088329,0.0,974.4639,0.52197,0.0,1.4848,0.071435,0.12418,0.0,0.6424,0.014115,0.0,0.0,0.044792,70.569,0.087249,30.1638,23.0338,0.02054,-0.14953,42.5103,0.0068278,0.0,-0.19422,0.36634,433.3827,0.0,5.2604,0.0791538,0.025206,0.93056,0.0,0.078672,769510.8783,0.0,0.0,12.9079,0.63413,0.041124,109.4978,0.017134,0.01692,364.0469,0.0,6.1136,779.9162,2.0732e-05,0.013561,27.6596,0.0,340.6331,1200.4555,-1.0918,0.0003655,23.1808,0.0,2.44e-08,0.040768,0.0080417,20.8902,0.0,0.0,0.24091,0.94687,0.0,17.8344,0.0,-1.2017,5.3964,0.55952,0.085156851,1.3561,0.037371
0.39903701,0.01923,1503397.665,0.43751,14.8338,0.0,0.017545,0.0,0.0,6.8907,0.056421,0.0053199,0.0,1330.2392,6.8077,0.0,2.8694,0.072753,67.16,4.6882,0.63057,0.0099823,0.0,0.0,0.064725,2.6758,0.029493,1.9735,7.7079,0.013162,-0.028212,12.3024,0.0049759,0.0,0.047566,0.43098,694.7371,0.0,17.8851,0.120182,0.021128,0.93196,0.0,0.036285,3476599.538,0.0,0.0,94.2807,0.66712,0.053926,140.0576,0.026833,0.02485,577.9242,0.0,0.26672,470.41,1.6867e-05,0.012278,37.1341,0.0,316.7178,709.9116,-1.1983,0.0004189,22.6659,0.0,3.73e-08,0.18647,0.012041,26.0645,0.0,0.0,0.17318,0.90672,0.0,25.0188,0.0,-0.97783,25.9758,0.69659,0.137522729,0.23925,0.071049
0.708364276,0.023166,923267.7414,0.2412,28.0233,7.563,0.016919,5.8824,0.0027533,0.18105,0.11935,0.011084,23.5294,1093.7365,10.8289,7.5955,3.4715,0.069605,96.4815,0.98148,0.73029,0.03401,2.521,196.9305,0.042143,2.537,0.40161,13.9933,10.7256,0.019421,0.010448,33.0317,0.011633,9.9914e-05,0.027923,0.39516,701.5954,21.0084,0.14744,0.102733,0.022171,0.89079,0.053937,0.037612,133044.764,0.023001,0.001919324,3.1892,0.78337,0.041741,117.741,0.017164,0.02323,625.7415,6.7227,8.6418,699.1767,2.3676e-05,0.018416,18.0078,1.6807,298.8763,734.5792,-1.2001,0.00095423,19.561,-0.34877,5.99e-08,0.0078718,0.017118,22.9961,827.0498,33.6134,0.30836,0.93917,21.8487,21.7904,10.9244,-0.92325,24.3949,0.57572,0.060588965,7.738,0.058749
0.690902995,0.022599,330327.8459,0.1867,51.9906,9.9813,0.016428,6.0634,0.00089652,3.2218,0.07582,0.013647,19.6828,815.859,10.2478,6.2331,5.2267,0.075124,0.0070541,0.024689,0.63773,0.025131,8.9552,203.7712,0.03674,99.8131,0.12131,2.0259,30.8768,0.020365,-0.00080443,2.0684,0.0057083,1.5481e-05,-0.027462,0.35438,459.8416,13.4328,1.6595,0.0647807,0.016671,0.74525,0.61891,0.081256,54810.6603,0.021392,0.016255724,2.5904,0.71856,0.050207,112.8066,0.017256,0.016868,951.1056,3.2649,0.022746,885.9681,2.2752e-05,0.025257,7.6547,4.291,339.3371,1220.1079,-1.0479,0.00061722,9.5775,-0.053728,1.1e-07,0.0070346,0.018768,20.7991,1604.6325,21.9216,0.9685,0.86788,16.3246,17.5808,14.9254,-1.1957,13.0456,0.79063,0.073220613,0.19697,0.075552
0.038628591,0.016543,34514.0901,0.48706,74.0913,35.0567,0.016614,0.018091,0.0014263,4.1085,0.9729,0.014688,25.9186,1295.8177,4.0167,4.1107,12.7484,0.078495,76.8376,0.0,0.64588,0.01193,0.038192,161.8711,0.075041,0.0,0.75052,19.1939,14.3989,0.01227,-0.046321,31.2578,0.0066833,8.009999999999999e-07,-0.014622,0.31805,562.1728,22.7085,3.0191,0.161685,0.019326,0.96082,11.8375,0.065921,1263997.529,0.021998,6.914246004,8.9185,0.6615300000000001,0.044081,97.255,0.023152,0.017478,884.6735,0.26333,2.9326,405.1481,1.3079e-05,0.0461139999999999,31.6609,0.016081,328.2103,1114.3429,-1.1968,0.00027131,8.9507,0.12055,2.05687e-07,0.58615,0.0081963,34.2191,1642.2239,10.3743,0.7407,0.87549,35.3562,38.9661,13.6609,-1.1069,14.1937,0.5180600000000001,0.146480776,6.044,0.0559519999999999
0.024924404,0.020055,13474.1433,0.38436,62.8618,20.5117,0.016703,4.6118,0.0011482,0.2457,0.18018,0.016413,22.1651,1321.3095,1.4414,4.9629,2.032,0.078907,99.6452,0.18922,0.65854,0.01418,6.7021,143.7517,0.056038,0.0,0.6006,20.3604,2.7628,0.0187659999999999,0.27063,0.48048,0.0095745,4.815e-06,-0.033651,0.28846,549.5982,7.119,2.799,0.141389,0.023518,0.89284,15.7047,0.031161,276649.2547,0.022522,21.03243243,0.75585,0.6825399999999999,0.035581,113.729,0.017905,0.024548,559.1588,0.088523,38.0781,834.309,2.1331e-05,0.04882,21.3213,5.3856,286.8066,732.7165,-1.1951,0.0010876,18.979,0.0017268,1.2375e-08,0.87323,0.015915,35.8315,2105.4427,11.5652,0.43595,0.90394,20.9372,35.6575,14.5521,-0.8571700000000001,8.1778,0.8274299999999999,0.048268806,1.6967,0.039979
0.339157352,0.019201,1576173.38,0.21302,59.5942,5.742999999999999,0.017009,6.0399,0.00087297,1.0157,0.0067606,0.011391,0.027491,1189.704,73.5422,6.2533,0.075234,0.072403,8.6184,0.0,0.72945,0.033257,58.2598,184.0127,0.052244,7.1634,0.0,1.2237,9.0491,0.02017,-0.2399099999999999,0.0,0.005596,1.1988e-06,-0.23066,0.35488,706.0019,25.0777,1.2396,0.151147,0.023318,0.8942,9.1801,0.070664,593248.9166,0.022083,1.229591319,1.1789,0.7191,0.044475,132.2041,0.030925,0.016844,730.7527,0.082474,55.7719,411.6892,2.283e-05,0.016881,0.0,0.10722,339.3567,1098.6631,-1.2438,0.001987,19.6836,0.0013706,1.6625e-08,0.0047021,0.020655,13.0324,1796.8575,19.8076,0.32541,0.87745,0.0,22.4247,1.8007,-1.1807,4.6927,0.57143,0.06493724,1.0862,0.064195
0.10519263,0.023569,63875.7784,0.33814,60.1717,8.3527,0.023659,6.5821,0.0011057999999999,2.9575,0.015165,0.011446,8.8553,491.6484,6.7486,4.9487,0.12499,0.037366,11.2395,0.0,0.66137,0.0146349999999999,16.7816,206.8246,0.056865,3.7747,1.6303,12.7464,10.7598,0.023486,0.35059,35.2442,0.0074994,5.5026e-07,-0.18219,0.29835,266.9442,20.0715,1.2012,0.149135,0.030786,0.8251200000000001,6.0683,0.058584,853244.4069,0.020853,3.288974826,11.874,0.66025,0.035185,113.2941,0.022137,0.0186169999999999,290.1837,0.004611,6.2329,564.8157,2.2639e-05,0.024865,28.8747,0.93602,332.4198,1046.5384,-0.7391800000000001,0.00039184,15.9766,-0.10279,2.8625e-08,0.53919,0.0088784,11.7778,1873.8778,13.155,0.4294199999999999,0.8933700000000001,1.6023,12.3193,27.8571,-1.1563,0.071214,0.63473,0.084816053,0.0,0.024268
0.052634389,0.023306,12071.17,0.24637,164.3354,11.5458,0.017253,3.2663,0.0012373,25.1953,3.499,0.015315,21.2371,849.7993,15.9229,5.2967,2.9702,0.068273,0.0,0.0,0.70873,0.026745,7.777,223.7079,0.041231,100.0,2.2819,8.215,11.9675,0.019448,0.17817,18.4077,0.0047148,2.89e-06,-0.050047,0.2681,438.1603,24.2761,0.99131,0.0639815,0.021687,0.93952,1.4482,0.07147,162473.0871,0.023106,4.238336714,0.63443,0.7131,0.034544,157.7128,0.025852,0.01807,460.9085,1.6152,0.30426,689.6588,2.1606e-05,0.032281,16.6329,0.5743,333.7384,1125.5017,-1.15,0.00096161,5.6795,-0.10608,1.66e-08,2.7823,0.01323,16.7431,1737.0272,19.1553,0.30647,0.77946,14.0704,20.2314,21.1055,-1.1389,0.53803,0.84008,0.023527594,0.036851,0.060305
0.000635986,0.0189009999999999,334.5312,0.63061,31.6633,0.2445699999999999,0.018137,17.3953,0.0009735,0.4576199999999999,2.1277,0.014409,3.1183,1079.7175,10.6383,5.8712,15.1028,0.066039,35.251,40.3766,0.64057,0.011913,20.5747,196.4859,0.073018,24.3724,10.6383,31.9149,6.382999999999999,0.012258,0.030019,0.0,0.059712,5.4813e-06,0.0294329999999999,0.29505,466.2154,0.030572,4.3576,0.103338,0.020319,0.94564,0.8678,0.0053368,661732.2229,0.023691,69.59574468,4.2,0.6481600000000001,0.043218,115.8191,0.050276,0.070958,603.7247,1.6203,21.2766,230.192,1.7391e-05,0.087078,0.0,26.3528,256.4554,143.0844,-1.144,0.00055884,6.382999999999999,-0.010957,7.5e-07,0.080756,0.012591,27.3515,1459.8137,12.1064,1.1075,0.057776,0.0,26.4169,12.4121,-0.70389,37.1123,0.95479,0.047939101,0.0014168,0.070214
0.309191992,0.019224,126253.1157,0.38238,49.1293,6.584,0.016498,3.6406,0.00089019,1.1452,0.087757,0.010397,15.6984,678.7172,3.5794,7.1197,5.4298,0.077576,0.0,0.0,0.59117,0.011301,12.0062,171.086,0.061877,98.6701,0.016805,4.7127,14.3996,0.010941,-0.0023206,9.2276,0.0044185,5.3e-06,-1.8817e-05,0.38081,321.2465,6.1709,28.4647,0.0715397,0.017889,0.91179,1.3598,0.077496,1177176.52,0.022958,0.072315477,61.0816,0.66921,0.061644,98.1786,0.017333,0.016738,825.8476,0.77459,5.0824,882.0564,1.4271e-05,0.028995,23.4087,0.43894,342.8321,1188.8081,-1.0382,0.00030546,6.9272,0.0010434,1.1e-07,0.0017273,0.0070124,30.9745,1798.5493,25.6649,0.87046,0.86216,24.9935,17.1433,16.6538,-1.221,6.9145,0.78959,0.125146032,0.98285,0.079787
0.479842517,0.019331,889305.2301,0.2503,24.5108,2.116,0.016599,55.5643,0.0055325,0.55715,0.11463,0.0056553,1.5674,1226.5273,1.6563,2.4068,4.7543,0.075594,88.3324,0.033015,0.65435,0.015161,11.3636,209.1302,0.059247,0.28723,0.10019,1.8026,10.5906,0.015312,0.083855,38.8881,0.0034127,4.9845e-05,-0.0080624,0.39461,649.5664,1.489,8.0559,0.134249,0.023683,0.9113,0.8385,0.051579,660925.9676,0.027908,0.011517597,24.2821,0.7049,0.060909,136.6213,0.025621,0.019825,475.4541,0.31348,0.097484,495.8194,1.588e-05,0.011258,16.687,22.884,313.4149,864.9204,-1.2063,0.00032106,34.8859,-0.38359,8.81e-09,0.028615,0.011179,22.4297,1028.2056,2.0376,0.1519,0.90506,0.23511,24.5956,2.5862,-1.0468,38.1008,0.8454,0.157122655,0.71117,0.065958
0.229670932,0.0232,171947.1911,0.5068,19.0126,4.4444,0.016512,3.1481,0.010748,4.5632,0.2105,0.0093949,8.5185,699.7232,4.2941,2.9496,2.8852,0.079237,0.0,0.0,0.702,0.021779,5.0,125.5989,0.042499,99.4765,5.8097,19.9551,12.4193,0.018096,0.042541,22.3548,0.0071796,5.1976e-05,0.011405,0.39793,373.6116,1.4815,2.5276,0.10758,0.018076,0.89709,0.1713,0.079541,55138.3263,0.028888,0.075778838,8.7011,0.65173,0.050071,41.9245,0.02209,0.016619,839.3522,33.8889,2.554,696.0296,1.9103e-05,0.027515,34.0163,2.7778,341.1095,1254.2075,-0.99863,0.0011624,11.8861,-1.0985,7.34e-07,0.025684,0.012477,18.9883,766.8193,8.5185,0.24882,0.95239,7.037,16.0018,4.2593,-1.1998,5.9372,0.59707,0.020059622,8.206,0.077424
0.034470497,0.015522,36210.8473,0.56828,100.6905,12.5735,0.016554,5.5921,0.001544,0.21798,2.0193,0.0172289999999999,14.8504,1226.6993,3.5777,3.405,11.5746,0.078871,6.6639,0.0,0.6382899999999999,0.014327,19.2262,194.9231,0.10192,6.1836,0.61457,10.1844,17.6032,0.011838,-0.024091,15.1229,0.009111,1.3108000000000002e-06,0.033613,0.26588,509.0641,24.9543,4.754,0.132161,0.0232479999999999,0.92593,3.3857,0.081213,2606423.088,0.0217389999999999,8.878402107000001,2.526,0.66598,0.031435,121.3939,0.018061,0.016686,584.868,0.0865269999999999,19.82,789.6360000000001,1.7257e-05,0.0479,16.1545,0.39308,340.3066,1262.3261,-1.2376,0.0005174,14.7717,0.072925,1.03187e-07,1.262,0.013937,29.1848,1838.0826,25.2806,0.71605,0.94068,5.8393,24.158,24.4054,-1.1935,13.3345,0.54823,0.105127648,10.892,0.047942
0.550915968,0.019797,1942670.105,0.32293,48.8718,0.0,0.021086,0.0,0.0,0.30553,0.0016828,0.016967,0.0,464.7369,6.9181,0.0,0.74112,0.0438,26.4569,0.0,0.64272,0.012036,0.0,0.0,0.063738,0.58295,0.021877,21.35,39.0751,0.016717,-0.18851,0.013463,0.0044323,0.0,-0.1902,0.34949,224.3974,0.0,1.6031,0.152467,0.025246,0.96718,0.0,0.078489,767535.4086,0.0,0.0,2.5849,0.62716,0.069542,137.5371,0.016546,0.016743,431.2753,0.0,37.3687,541.7725,1.5735e-05,0.011959,0.050485,0.0,342.8213,1162.1409,-0.88319,0.0008992,20.3773,0.0,1.81e-07,0.64822,0.0090779,13.8782,0.0,0.0,0.16178,0.94453,0.0,17.3132,0.0,-1.2166,1.0797,0.68437,0.084444037,6.8724,0.047181
0.829886357,0.020494,982216.527,0.15568,33.277,0.0,0.016536,0.0,0.0,0.81292,0.0007406,0.010982,0.0,1112.9326,5.7923,0.0,1.6403,0.077282,17.5283,0.0,0.6717,0.020077,0.0,0.0,0.049796,2.3579,0.039993,9.9656,10.7195,0.02001,-0.078137,22.8054,0.0039198,0.0,0.053005,0.43118,739.6266,0.0,2.2364,0.152432,0.018433,0.80175,0.0,0.07686,164334.0372,0.0,0.0,2.5272,0.74676,0.066869,136.5274,0.016406,0.016658,764.9412,0.0,0.42733,898.0595,2.2279e-05,0.017559,27.6393,0.0,341.8315,1027.0302,-1.1758,0.00087605,30.09,0.0,1e-09,0.039743,0.017657,30.3892,0.0,0.0,0.47185,0.93681,0.0,25.3833,0.0,-1.2059,7.2585,0.55078,0.102880539,0.23846,0.072576
0.732501073,0.017815,8211321.991,0.17781,15.1964,6.3908,0.018208,13.0602,0.0017186,19.0504,0.0022259,0.0073097,6.6042,1304.993,11.0522,3.8445,3.0385,0.060606,0.0065366,1.5949,0.65369,0.0094077,29.885,196.7682,0.060728,87.0151,0.0044518,12.2038,7.0501,0.013168,0.00067027,8.2729,0.0087254,2.86e-06,-0.21851,0.51937,636.9819,0.37349,4.5466,0.0744438,0.019454,0.97096,5.0508,0.048249,835307.7645,0.026042,0.125153957,13.9377,0.73735,0.061069,100.5526,0.016584,0.02063,975.3085,0.011857,1.6501,699.1183,1.185e-05,0.018191,19.8964,0.47427,308.4367,641.2636,-1.1975,0.0017185,48.8915,-0.035697,1e-09,0.015455,0.013706,18.9137,914.6371,41.5343,0.40823,0.96245,0.84776,35.7448,24.176,-0.99526,27.3129,0.57157,0.095694559,6.5377,0.064344
0.62016241,0.021586,2036019.254,0.25384,20.0416,0.78373,0.016367,0.17509,0.0015717,26.4392,0.043954,0.0084406,32.658,1339.7845,4.0938,4.6773,1.0057,0.075824,0.4384399999999999,4.9629,0.67456,0.020299,1.9677,225.38,0.050355,59.8585,0.4824699999999999,24.0315,8.9942,0.019358,0.0030701,48.9594,0.0090709,2.6271e-06,-0.0055383,0.4616399999999999,878.8919,3.902,0.54603,0.0835355,0.017972,0.92592,2.6060000000000003,0.041667,136377.2922,0.023767,0.122600429,6.9329,0.72925,0.0444769999999999,175.3528,0.017318,0.022001,724.3615,0.025013,6.7525,536.8019,1.0684e-05,0.011519,18.9206,0.11673,322.2726,731.1187,-1.2005,0.00050717,19.262,-0.13963,1e-09,0.0020866,0.0269029999999999,34.3014,1745.7915,5.3694,0.25345,0.96055,32.0827,28.9459,11.8559,-1.0398,11.3323,0.52431,0.097674134,0.21283,0.077279
0.058418567,0.014154,27898.1923,0.61047,62.4828,8.0304,0.016729,8.5481,0.0010795,6.0171,0.2319,0.0133,17.8139,1298.9664,0.8854200000000001,5.3269,3.5332,0.0796299999999999,46.8101,6.9279,0.60948,0.0098127,16.1195,203.0203,0.10185,13.7628,7.6737,21.9669,5.7552,0.0095906,0.0030294,13.1548,0.0040782,1.3963e-06,-0.026237,0.33788,564.6454,41.0107,61.122,0.10561,0.018946,0.95913,3.9748,0.088514,3179979.0510000004,0.020569,1.791714978,19.6157,0.65242,0.044958,108.1225,0.016433,0.016355,977.3971,0.16473,11.3524,905.6532,1.0398e-05,0.03825,20.8496,5.6771,341.5933,1266.0595,-1.2021,0.00043041,6.7988,0.084016,1.8850000000000005e-07,0.00073577,0.0101409999999999,32.3589,1366.5134,31.0154,0.85903,0.8977799999999999,9.1246,26.4694,21.0495,-1.2017,17.2656,0.72205,0.121440654,0.009565,0.0752559999999999
0.1779896869999999,0.024464,39715.9031,0.32643,47.9989,6.7171,0.016856,3.8744,0.0016372,27.8,0.20694,0.012394,18.5007,709.3989,2.5063,4.3991,1.7554,0.078497,4.3321,2.2176,0.71844,0.023072,7.7029,210.181,0.043074,0.0,4.8057,11.014,1.6326,0.020375,0.082407,24.3274,0.015745,1.1065e-05,0.0483839999999999,0.32427,407.7456,8.7116,1.0002,0.1229,0.0206949999999999,0.93727,0.4437,0.031093,189617.7779,0.025302,1.002989193,2.508,0.7166399999999999,0.032483,139.2815,0.025301,0.024625,506.3411,0.13755,11.8648,366.0166,2.6461e-05,0.035898,28.4663,1.8799,287.1114,725.3479,-0.99322,0.0018687999999999,0.4828699999999999,-0.28135,1e-09,6.9961,0.0150199999999999,18.6668,1452.9277,30.8345,0.29324,0.8658799999999999,20.8161,19.1663,16.8959,-0.8387100000000001,3.7779,0.67035,0.018857455,0.01272,0.072526
0.393828869,0.018078,1910555.455,0.33917,43.2195,8.0757,0.016533,4.7319,0.0011884,2.1767,0.26054,0.012885,16.6562,1336.8546,3.7691,4.6682,0.0035967,0.075603,0.99513,3.318,0.63509,0.022433,9.7792,135.3737,0.072252,89.4713,0.19048,21.3533,19.5437,0.013958,-0.0011676,28.459,0.0034189,1.5815e-05,0.0016002,0.35579,635.758,4.6057,6.7128,0.068561,0.018917,0.95501,0.45847,0.082766,1107075.126,0.024388,0.017351038,6.0556,0.67716,0.06622,67.6936,0.01632,0.016873,783.5993,2.776,0.30214,772.8959,8.92e-06,0.016447,29.7157,2.082,340.5693,1243.0687,-1.1963,0.00029333,4.0362,-0.033949,3.92e-07,0.0035967,0.01707,16.3995,1627.9352,18.9274,0.40028,0.96105,12.4921,20.2909,15.3312,-1.2007,7.0157,0.6284,0.165562328,3.5643,0.078645
0.3905453129999999,0.01936,489325.7998,0.31242,62.6583,3.1884,0.016647,0.29801,0.0018137,2.3668,0.03185,0.0084477,32.0563,836.4746,0.11632,3.3275,0.082509,0.077377,0.0,0.83549,0.64379,0.018763,3.9101,140.7498,0.059619,80.4893,0.0,42.8164,14.1484,0.0138909999999999,-0.0429,7.939,0.0062284,8.823200000000001e-07,0.0061278,0.3446599999999999,454.2425,21.9094,10.5835,0.0778595,0.018623,0.90384,3.953,0.079614,572181.9105,0.021585,0.3856784789999999,15.4583,0.67383,0.047561,93.4425,0.0180889999999999,0.016554,909.2549,0.0610389999999999,16.7144,1063.7372,1.3189e-05,0.025197,15.921,0.0610389999999999,342.7145,1151.8154,-1.0241,0.00038813,9.8209,-0.1176799999999999,1.88125e-08,0.0011787,0.010543,14.2691,1494.2034,36.9717,0.76107,0.91329,24.7316,15.1639,18.1825,-1.2201,3.2603,0.6976399999999999,0.124675505,0.6765800000000001,0.081803
0.034285328,0.016977,9093.6128,0.2605099999999999,27.8155,5.5643,0.016502,14.7255,0.0014365,2.1127,13.9409,0.013586,18.4403,947.817,1.33,4.8251,0.0063066,0.0789769999999999,6.4078,0.56497,0.6934899999999999,0.023825,9.3262,106.8466,0.065663,75.2571,9.5074,7.734,15.5172,0.014428,-0.085556,10.7389,0.0072055,4.6589e-06,-0.0609679999999999,0.35635,538.9498,13.8538,1.2855,0.1083619999999999,0.018634,0.91794,6.8716,0.071847,103906.3427,0.023846,12.54482759,1.2633,0.73155,0.030998,134.7605,0.018075,0.017266,774.9428,0.01178,7.6355,954.9493,1.6204e-05,0.045712,4.8276,19.0136,339.9399,1214.8967,-1.1644,0.0010397,21.133000000000003,0.00013915,1e-09,0.1072099999999999,0.016946,21.7434,2558.9838,3.4909,0.4769199999999999,0.87418,10.9047,12.4757,17.4115,-1.194,8.2805,0.81334,0.036882667,1.9929,0.07596
0.026560731,0.020258,5014.4763,0.60449,70.5874,13.8252,0.016802,2.3301,0.0011388,0.11824,0.99933,0.014636,25.3981,1217.3777,14.1239,5.2282,4.577,0.07821,0.0,0.0,0.63697,0.017594,3.9612,227.7189,0.056162,10.0488,1.8654,15.7229,10.4597,0.01756,-0.043171,10.926,0.010083,1.5133e-05,-0.34304,0.27381,602.9207,27.2621,6.1685,0.127695,0.023302,0.8547,0.49287,0.066421,395570.9645,0.023711,1.715522985,2.6126,0.6585,0.031248,113.2235,0.021208,0.018422,499.7739,1.4757,23.6509,572.3579,2.2734e-05,0.072809,21.8521,4.0777,329.2333,1057.5177,-1.19,0.00054532,6.6622,0.067465,7.5e-07,1.6706,0.017459,20.5692,1284.9139,16.0,1.3183,0.83598,13.7087,21.7975,21.2816,-1.1207,2.4239,0.6355,0.038803992,0.23839,0.041216
0.2119256839999999,0.019249,22575.056,0.1824599999999999,87.2082,3.8266,0.016856,0.2559599999999999,0.00082972,0.47142,0.079842,0.014497,10.2288,1140.2259,1.6714,7.3349,6.4367,0.078995,66.2129,2.8634,0.67497,0.022811,0.37114,196.6597,0.054581,27.6821,1.7246,6.1692,11.1247,0.0163689999999999,0.0010779,47.964,0.0060006999999999,8.889200000000001e-07,0.00081377,0.28055,634.743,17.0309,2.6615,0.129166,0.017099,0.7664,7.4907,0.068888,33397.3686,0.021911,1.6636503969999998,1.4878,0.7595,0.0411329999999999,92.3015,0.019037,0.017062,1024.6308,0.18557,10.47,1028.5777,1.7596e-05,0.03233,17.7942,0.10878,335.6274,1178.2087,-1.2103,0.00042356,3.2469,-0.081471,3.812499999999999e-09,0.0051803999999999,0.016769,16.0804,1702.2502,22.9147,1.2008,0.77413,40.7007,22.3056,2.5148,-1.1554,24.8167,0.79914,0.0564703379999999,1.1863,0.078657
0.011014007,0.0169449999999999,2306.1067,0.4409899999999999,78.9878,11.3093,0.016957,2.2964,0.00097994,23.1167,1.6304,0.0137159999999999,27.4901,988.3135,2.0380000000000003,6.4643,29.6093,0.078571,1.5357,0.0,0.61247,0.018039,7.6529,198.4255,0.065723,0.0,5.162999999999999,19.0217,15.3533,0.012301,0.0027804,13.7228,0.016605,1.2765e-06,0.013877,0.27535,460.7375,18.1595,7.9781,0.183424,0.017567,0.8609,7.5632,0.065179,167732.2708,0.022366,24.3763587,4.3664,0.72413,0.02755,97.0495,0.019543,0.0167539999999999,947.3771,0.22853,15.4891,1161.6955,2.0026e-05,0.08842,10.7337,0.31771,345.8818,1309.2987,-1.0455,0.00047054,26.2228,0.054582,1.03187e-07,0.016616,0.018886,18.2555,1887.1825,27.8357,1.385,0.50476,8.2325,20.4989,34.3069,-1.2389,34.5047,0.6531,0.0534976759999999,0.010385,0.076647
0.0100224459999999,0.020887,2884.2819,0.5543100000000001,67.8082,15.5235,0.017938,6.7389,0.00095711,0.03033,5.9896,0.010574,15.7641,787.9931,35.6771,6.8222,2.8152,0.065341,100.0,0.0,0.6575,0.015084,17.8099,220.5894,0.054583,0.0,20.8333,20.3125,4.9479,0.0166879999999999,-0.052408,15.625,0.013431,1.0859e-05,-0.0081119,0.27823,304.968,13.1167,1.7123,0.0962562,0.026373,0.93499,0.41966,0.048586,550559.8368,0.025867,4.328125,4.3689,0.64794,0.027804,131.8402,0.0208509999999999,0.020837,365.1503,0.36101,16.1458,587.198,2.2043e-05,0.040918,13.8021,0.54152,315.7381,991.9885,-1.1266,0.00098817,2.6042,0.1474099999999999,7.5e-07,0.99813,0.013177,18.5509,1459.2079,8.1829,0.37869,0.9247,10.6498,28.2802,18.4717,-1.0152,4.3978,0.5977100000000001,0.02607402,0.6948300000000001,0.0564529999999999
0.141040155,0.018935,124243.6609,0.34839,73.3852,17.7593,0.017102,8.4912,0.0013183,0.026243,0.0661,0.013036,20.308,1325.4919,8.4325,6.015,0.12247,0.078808,0.36973,0.0,0.68391,0.019977,11.3398,142.4796,0.057986,13.0536,2.6818,26.5061,4.0604,0.015097,-0.039481,20.9821,0.0054831,3.8874e-06,-0.030443,0.3119699999999999,669.5463,10.4402,1.3061,0.14347,0.018928,0.93801,3.8794,0.06708,634921.4143,0.022906,0.692823418,1.8827,0.71214,0.043953,126.3991,0.0194669999999999,0.017844,783.318,0.12267,14.8631,682.6535,1.1016e-05,0.048379,26.9877,1.2812,333.2952,1035.0446,-1.1948,0.00055247,4.2682,-0.042982,6.349999999999999e-08,0.0017495,0.016751,22.9457,1348.8719,11.4079,0.75078,0.90815,20.7033,22.3727,14.0384,-1.1498,18.902,0.6834899999999999,0.055568384,0.5038699999999999,0.078302
0.130518697,0.021142,28686.9715,0.55596,83.1381,13.3105,0.016644,10.7011,0.00097223,26.5219,0.40665,0.0094852,11.7554,1339.4256,24.9908,5.8408,11.3243,0.078127,13.7733,0.0,0.65903,0.025203,12.1771,202.4437,0.046299,0.0,0.36969,9.8706,23.6599,0.021411,0.020505,7.5046,0.0051008,6.25e-06,0.0098734,0.27177,663.7327,20.427,0.40934,0.144531,0.018866,0.86342,0.81274,0.082008,39222.5768,0.023236,1.4025878,4.0833,0.69402,0.032665,129.6546,0.017199,0.01664,740.4231,0.10543,23.475,995.5793,3.1409e-05,0.044155,18.1885,30.9436,342.4011,1319.8333,-1.1977,0.0013802,11.719,1.2646e-05,1e-09,0.021088,0.028682,27.6216,1654.6072,21.6131,0.81927,0.93836,7.67,32.9633,13.5741,-1.2099,23.0915,0.62566,0.013763603,0.19682,0.064157
0.437800361,0.019771,890285.7285,0.22291,77.181,0.0,0.016819,0.0,0.0,7.4021,7.642,0.0099509,0.0,1320.4559,13.8717,0.0,10.8921,0.076936,0.0,0.0,0.63894,0.018505,0.0,0.0,0.082642,100.0,1.5277,3.3036,8.0196,0.020196,-0.0013689,15.2001,0.0043394,0.0,0.0031673,0.31994,558.3461,0.0,1.5926,0.107495,0.019461,0.97833,0.0,0.070404,5512882.034,0.0,0.0,6.3927,0.66743,0.049862,82.0998,0.018489,0.017205,619.8166,0.0,1.9157,585.1919,1.0653e-05,0.014739,13.8892,0.0,336.505,1135.9982,-1.1976,0.0025756,2.2583,0.0,1.17e-07,0.0054447,0.022196,21.0706,0.0,0.0,0.38784,0.93892,0.0,32.1489,0.0,-1.1658,19.6145,0.73508,0.047114661,10.0373,0.080288
0.177569423,0.019988,252218.325,0.34225,54.3357,17.7966,0.016552,0.57925,0.0014759,17.0155,0.030288,0.0109719999999999,45.0745,1274.1793,14.6593,3.626,0.59587,0.079208,99.2944,0.068082,0.6379600000000001,0.02443,1.048,158.326,0.053381,0.0,1.4437,20.7572,12.3776,0.0205389999999999,0.0015417999999999,12.0646,0.0095217,1.8287e-06,0.039178,0.30821,588.6694,23.5624,1.9074,0.140048,0.01676,0.86826,8.7612,0.08141,94363.8204,0.022556,2.649268046,2.2445,0.67575,0.041601,120.2376,0.016375,0.016522,947.7923,0.060973,5.9566,358.1951,1.4987e-05,0.030569,37.5972,0.18673,341.3607,1240.5313,-1.2442,0.00085217,9.8637,-0.0005792999999999,1e-09,0.93201,0.0162889999999999,22.0316,1919.1067,20.205,0.86595,0.93728,28.2992,31.6367,17.1716,-1.1987,5.3323,0.82886,0.035584149,2.4344,0.072978
0.453149122,0.022252,460485.2488,0.41535,40.1428,21.4286,0.01628,9.8214,0.00092689,31.0591,0.030187,0.008057,12.5,1286.5179,1.2851,11.0753,5.0432,0.076221,0.46203,35.7494,0.60039,0.019297,8.0357,138.8274,0.039903,23.7655,0.32343,13.873,31.916,0.02127,-0.29054,12.0661,0.0055897,6.7446e-05,-0.040128,0.34104,662.344,13.8393,1.9372,0.11077,0.024119,0.84187,0.094305,0.046215,213223.2192,0.023699,0.009659753,6.7759,0.70135,0.041462,126.7518,0.024638,0.020465,415.524,0.89286,8.159,522.1544,1.3231e-05,0.014086,38.0827,20.0893,302.3606,829.1407,-1.2364,0.0008332,26.5428,0.013723,1e-09,0.91859,0.018406,29.4591,1458.4711,11.6071,0.1983,0.92532,10.2679,31.8728,12.9464,-0.94082,9.2831,0.78196,0.040588108,0.039625,0.061245
0.141056389,0.0208129999999999,85452.9437,0.47863,80.2662,18.7469,0.016859,6.3645,0.00073846,0.94467,0.079083,0.0147599999999999,16.774,1291.2493,18.4131,7.8643,0.0117349999999999,0.078059,0.0,2.4865,0.6501899999999999,0.017236,12.5475,173.6525,0.049707,63.4127,0.72492,10.1358,29.656,0.017947,0.0027398,14.2349,0.011897,2.6723e-06,0.0995429999999999,0.28058,696.9945,12.8777,1.0272,0.0882488999999999,0.016826,0.86941,1.0228,0.054019,423525.598,0.023735,1.596678529,5.7259,0.7270300000000001,0.035404,129.2927,0.016415,0.018385,986.8772,0.95757,13.6154,691.768,1.9792e-05,0.048948,14.7489,7.0414,329.7357,1051.0817,-1.2006,0.001114,30.2227,0.041055,1e-09,4.7644,0.012537,21.7466,1678.0994,26.6469,0.8912100000000001,0.91645,11.9036,19.0174,15.5935,-1.1337,1.0884,0.69653,0.038325416,4.0838,0.070721
0.034353346,0.0152319999999999,23691.6142,0.53777,99.4778,10.5128,0.016565,0.70138,0.0011542,2.1921,0.030516,0.019316,5.0444,1306.3226,0.30516,4.9284,17.9147,0.077952,0.0,4.9368,0.65617,0.014068,1.0144,181.2728,0.088115,71.96300000000001,0.3356699999999999,20.1404,27.4947,0.0094098999999999,0.00085931,50.8697,0.0049867,2.7494e-06,0.0400779999999999,0.26965,526.8145,15.0816,0.79322,0.0888993,0.023112,0.92681,3.0401,0.059433,282706.8867,0.021959,7.700945987000001,2.8885,0.67327,0.036269,109.4836,0.022244,0.018002,587.4701,0.11888,0.1220599999999999,179.0087,1.4089e-05,0.0284649999999999,18.462,1.1729,324.4378,1115.4321,-1.1998,0.00058034,29.0815,-0.00030689,9.81875e-08,0.092706,0.016876,31.9668,1849.2125,32.3506,0.50449,0.89574,24.1124,40.9634,1.7792,-1.0796,17.022000000000002,0.74876,0.073738102,2.2279,0.048617
0.522832748,0.01707,3179322.495,0.36725,48.9895,13.5135,0.017501,35.5212,0.001495,8.2473,0.018504,0.0051815,2.6062,1320.3451,8.6729,5.1442,8.3388,0.073538,0.21615,1.8149,0.62208,0.010175,22.7799,196.0449,0.088571,84.586,0.11419,6.9531,35.7993,0.012732,-0.0021888,19.1708,0.003091,0.00018631,0.017448,0.34231,619.9361,6.8533,106.1464,0.0705026,0.018683,0.95949,0.44209,0.077501,3442214.153,0.023153,0.005477077,74.2241,0.67001,0.04706,93.2602,0.017759,0.016663,657.6116,0.096525,0.17975,438.4726,7.84e-06,0.015422,55.8043,17.6641,343.8046,1207.7232,-1.2005,0.00027448,37.6068,0.1722,1e-09,0.49186,0.010414,33.3711,1050.2696,11.39,0.39033,0.93815,0.48263,27.7802,6.4672,-1.2221,33.2294,0.39869,0.224521674,1.5531,0.05131
0.383784623,0.019167,197597.5405,0.22373,43.6582,0.0821139999999999,0.018044,35.5453,0.0011379,11.5638,0.016173,0.01175,0.1693599999999999,815.1295,0.052561,5.5927,9.8037,0.0622049999999999,93.6527,2.6104,0.68679,0.023882,43.0947,203.9728,0.05574,0.42785,0.24663,34.7835,18.6876,0.019643,0.0053132,22.4882,0.0091728,1.4972999999999998e-06,0.099967,0.37588,493.4646,1.2728,1.4429,0.122245,0.016703,0.8892399999999999,3.3382,0.052225,178172.07100000005,0.023148,0.787813852,2.0845,0.72645,0.043279,94.6269,0.0194699999999999,0.019261,1054.3162,0.097511,1.1321,575.3828,1.4599e-05,0.018044,34.456,9.048,315.3494,902.9013,-0.94965,0.0020107,36.5423,0.050998,2.725e-08,0.049439,0.026579,11.917,1641.3042,9.4791,0.46784,0.89502,0.056454,16.9133,1.2215,-1.0174,16.8735,0.7434,0.045148775,0.049439,0.056962
0.655583475,0.023225,245178.0052,0.33335,54.747,1.8349,0.01674,3.6697,0.0028685,8.4768,42.4503,0.017102,20.1835,1358.2558,2.1348,7.8501,1.9865,0.075986,0.0,0.0,0.68622,0.033039,2.7523,137.4647,0.033801,99.535,2.0189,27.6718,13.7668,0.02074,-0.0020467,8.9446,0.0063712,9.4694e-05,0.00044103,0.34815,771.9521,16.5138,0.34085,0.104943,0.017146,0.80094,0.057222,0.071022,23534.9791,0.030956,0.004857831,0.35951,0.79032,0.045853,58.621,0.016487,0.016969,832.7263,1.8349,2.6206,1003.196,2.2413e-05,0.023798,6.3152,0.91743,339.7195,1067.8437,-1.1996,0.0013865,5.4105,-0.68097,1e-09,0.068499,0.028452,23.266,489.1181,2.7523,0.42892,0.82806,23.8532,23.0864,15.5963,-1.1869,13.5114,0.55268,0.023140545,13.2374,0.078691
0.89357981,0.024447,10414380.31,0.066528,44.0682,0.21702,0.016755,27.4015,0.0026677,1.0419,0.014827,0.0070446,0.34266,611.7831,5.0609,2.8499,0.12362,0.070853,15.8559,0.29691,0.69705,0.030273,62.3872,168.2873,0.03726,10.7814,0.19216,8.8265,30.1276,0.021674,-0.09994,0.13167,0.0051506,9.84e-06,-0.23273,0.38331,427.7313,1.5534,0.25391,0.167317,0.019083,0.94274,2.3364,0.080392,28171.5189,0.022736,0.051925792,3.6947,0.81367,0.078702,116.206,0.017154,0.016693,707.07,0.011422,8.7239,422.67,2.6189e-05,0.013273,0.74671,3.8721,341.2693,1197.5534,-1.1384,0.0031819,12.1573,-0.31037,7.5e-07,2.6137,0.020024,14.7574,1753.356,0.47973,0.37937,0.93547,0.091376,10.9597,0.79954,-1.2031,1.3422,0.60054,0.111386795,16.1325,0.03925
0.238113374,0.0138129999999999,306990.3623,0.40818,66.1707,36.52,0.016502,1.8646,0.0011897,0.78346,0.056121,0.017123,45.6611,1245.2935,0.44336,6.0999,0.011488,0.076949,83.50399999999999,0.0,0.62956,0.010431,2.491,119.9315,0.097498,0.0,2.2533,21.7274,20.8912,0.0090471,0.040788,32.441,0.0034007,1.7225999999999998e-06,0.0057929999999999,0.3254599999999999,520.4069,15.1685,1.7781,0.146969,0.019773,0.95522,18.769,0.084025,927116.3831,0.019348,0.756994135,11.2018,0.6981,0.061264,76.9716,0.016316,0.01625,901.6199,0.15198,1.375,873.3852,1.1682e-05,0.0265079999999999,33.3446,4.2406,341.3206,1230.6423,-1.213,0.00048042,17.0862,-0.018764,1.16e-07,1.0569,0.012593,25.7399,1745.7494,5.2860000000000005,0.48725,0.90456,10.9315,17.5236,29.0544,-1.2025,3.0247,0.65518,0.09556783,13.259,0.077259
0.00774205,0.017377,2977.5171,0.8897,18.8925,8.0871,0.016492,13.3748,0.0025463,7.9698,0.45767,0.010994,13.8414,1053.8981,12.1281,3.1482,0.7674,0.080787,0.0,0.0,0.53775,0.016612,13.9969,153.4996,0.074295,100.0,27.0023,14.6453,2.2883,0.017132,0.039402,2.5172,0.008916,2.4692e-05,0.11457,0.3595,476.3097,24.987,6.9135,0.0734535,0.019154,0.92538,1.1829,0.0206,3376485.064,0.022738,4.414187643,19.0241,0.67267,0.026331,77.4138,0.029349,0.029586,713.3981,0.31104,1.6018,343.6888,1.1985e-05,0.082408,4.119,8.7092,254.2221,552.1427,-1.0485,0.0012534,0.45767,-0.16701,7.5e-07,0.20526,0.010637,22.9069,1050.5362,20.5288,0.86464,0.91109,4.4583,21.019,23.7429,-0.66932,14.906,0.77922,0.030994033,2.6424,0.058201
0.141595,0.018113,222010.6318,0.5195,40.3441,1.0822,0.016411,0.029187,0.0013390999999999,2.7455,0.0034569,0.010145,82.5168,1310.4473,0.2316099999999999,4.0922,27.6383,0.080665,2.1248,6.4743,0.60793,0.0099592,0.089807,184.2932,0.065813,75.9053,0.0,15.9776,14.9613,0.0092626,0.14853,68.0932,0.0057959,8.8182e-07,0.1082,0.35605,597.4662,0.029187,11.3875,0.0756234,0.021251,0.91836,4.3796,0.077937,1791482.2319999998,0.022328,1.539684735,43.2795,0.63915,0.044585,107.6265,0.0188319999999999,0.01622,620.9047,0.020207,1.2756,673.3859,1.7294e-05,0.015534,29.9537,0.013471,339.9733,1223.838,-1.2477,0.00034855,18.1692,0.0704149999999999,2.1625e-08,0.047389,0.010626,35.637,1625.7168,34.9371,0.41844,0.95486,11.163,30.4231,5.9273,-1.21,20.2885,0.76595,0.123563199,0.011465,0.0625899999999999
0.327500668,0.022055,461653.3693,0.2545199999999999,49.3015,28.5082,0.02072,7.4876,0.0014089,0.17264,1.5878,0.0201289999999999,2.3924,681.409,4.6605,3.741,0.67189,0.049924,90.5952,0.0,0.67019,0.017013,37.4721,165.9849,0.052582,0.0,0.42915,42.6015,24.5902,0.018257,-0.0072915,0.93554,0.0037989,4.4796e-06,0.0627,0.35225,304.0456,0.55267,1.4714,0.153592,0.020047,0.96853,7.0531,0.058989,282965.0074,0.021647,1.133679513,1.3001,0.66284,0.055409,141.4166,0.017572,0.018473,720.2776,0.034069,8.613,684.2961,1.5932e-05,0.029054,1.7595,0.21577,322.617,959.5778,-1.0506,0.0018099,9.7631,0.1240599999999999,1e-09,0.0046659,0.012281,26.2758,1584.2979999999998,13.4194,0.52047,0.96314,0.91986,27.6843,10.4705,-1.0722,9.1219,0.45902,0.059284892,1.0592,0.04051
0.003187182,0.023137,1400.4737,0.54577,58.7618,33.4309,0.016788,43.9273,0.0011907,33.4066,2.027,0.011837,0.33688,1279.718,7.4324,5.4523,9.8406,0.079897,0.0,0.0,0.64816,0.017441,17.6064,168.6124,0.045113,46.0039,0.0,14.1892,19.5946,0.020706,0.0018608,2.027,0.011276,1.9875e-05,-0.011042,0.29523,670.3721,11.6046,2.3399,0.131503,0.023794,0.94923,13.9308,0.012755,910585.1978,0.018449,76.21621622,4.4267,0.67909,0.026649,148.4828,0.026002,0.038383,409.8795,0.0088652,14.1892,338.9511,1.7426e-05,0.099143,0.67568,33.1826,232.8395,453.4134,-1.245,0.00099176,45.9459,0.066782,1e-09,2.5023,0.023237,23.5839,1416.7228,11.3209,0.42787,0.8386,0.088652,34.5674,0.85106,-0.46633,9.8435,0.73596,0.032630426,0.10569,0.047877
0.658104494,0.021297,524922.7259,0.21302,22.0263,4.6105,0.017295,0.60423,0.00077661,24.7815,0.044262,0.012828,14.7511,1238.0184,0.13547,7.4679,0.44666,0.074217,0.013734,0.73136,0.73976,0.023648,16.6163,159.9973,0.046785,95.6256,0.0053651,4.111,3.8159,0.017357,-0.021987,42.7021,0.0070854,2.31e-06,-0.01266,0.43249,750.1383,0.45974,0.63437,0.0788515,0.019564,0.85684,1.5564,0.038598,40625.897,0.021722,0.102111165,2.1875,0.74426,0.046267,109.3861,0.032042,0.024825,752.0431,0.039406,9.4613,485.7473,2.4214e-05,0.010815,8.2797,0.039406,337.2058,770.4874,-1.2521,0.00052,11.7496,-0.0079896,1e-09,0.6973,0.023307,26.4393,1287.5055,12.2159,0.26793,0.94017,4.7813,32.96,29.3577,-1.0389,9.2834,0.60777,0.087062809,0.093188,0.074386
0.0857392219999999,0.017793,262451.123,0.29474,81.5904,1.0811,0.0163169999999999,15.5278,0.0013861,9.5694,5.3769,0.0082826,0.055637,1125.3909,0.71192,4.5541,2.6978,0.080596,0.1113099999999999,1.5508,0.69313,0.0132129999999999,61.5371,177.3807,0.061692,67.8659,0.89302,13.4016,17.542,0.012647,-0.11051,18.6536,0.0043799,3.9841000000000003e-07,-0.022694,0.2757199999999999,568.6138,6.1542,5.466,0.073845,0.021068,0.93716,10.2893,0.07667,868736.1342,0.020297,4.938737276,11.14,0.70741,0.0389,153.0089,0.0215169999999999,0.016691,864.6046,0.094836,13.1206,756.078,1.5518e-05,0.036269,15.1877,2.0168,341.2572,1276.3567,-1.1884,0.0004661,23.5496,-0.012418,1e-09,0.048,0.011867,23.1197,1873.4665,40.3407,0.69096,0.96575,0.002529,26.8774,1.6249,-1.204,4.5665,0.6853,0.137668313,3.8433,0.081161
0.0843224069999999,0.016752,88642.3706,0.42133,49.8665,22.1338,0.017099,6.3627,0.0016965,0.058753,0.0474459999999999,0.0051395,13.0065,1328.3947,13.5379,3.4622,18.1546,0.082255,0.0,0.0,0.66625,0.01099,20.5211,181.7533,0.0691669999999999,85.6318,1.7239,11.4028,16.1948,0.017124,-0.018808,5.994,0.010302,1.6669e-06,-0.0185129999999999,0.32248,600.6634,14.5006,3.8723,0.0811256,0.023367,0.87884,7.6156,0.069952,183332.9984,0.021656,4.668037324,25.3733,0.66223,0.032582,129.5486,0.016738,0.016641,606.2344,0.006776,20.4492,828.1615,1.8507e-05,0.03744,16.9698,0.1423,341.8111,1275.4727,-1.2005,0.00079716,10.8493,0.12086,1e-09,1.0627,0.016425,28.2884,1623.0448,10.0081,0.7397699999999999,0.97177,3.5811,41.4776,26.6804,-1.206,16.4074,0.5757,0.052492273,4.1561,0.03676
0.0251547,0.021147,5135.0067,0.39531,77.6308,10.4982,0.017353,1.21,0.0014213,19.3416,1.0189,0.012001,15.8007,979.6227,9.7525,4.6868,5.1734,0.066108,0.0,0.0,0.65363,0.015554,8.2562,130.7553,0.047173,0.0,12.0815,24.4541,6.8413,0.017602,0.058288,4.9491,0.010792,1.0604e-05,0.036672,0.28987,522.4122,14.1993,1.2487,0.164405,0.018262,0.83317,0.40526,0.068971,93308.5313,0.025736,4.090247453,2.8948,0.69364,0.034295,94.9895,0.017399,0.018866,798.8165,0.46263,15.8661,966.6035,2.1328e-05,0.11407,6.6958,0.10676,333.4672,1002.7802,-1.09,0.00083318,3.4934,-0.088896,1e-09,2.5741,0.014851,14.7777,966.807,36.0854,1.3387,0.89133,5.4093,16.397,34.5196,-1.1348,3.7625,0.75207,0.020117267,0.29814,0.070545
0.038845093,0.0152819999999999,45740.2658,0.43733,91.1124,5.19,0.016638,30.1349,0.0015278,0.0194599999999999,0.033406,0.014181,6.6286,1333.8499,3.2404,4.7699,0.44458,0.0786159999999999,97.6496,0.0,0.65091,0.013302,37.3279,171.6788,0.07832,0.0,0.0,4.3427,25.3048,0.011182,0.029868,0.0,0.0024159,3.4669e-06,0.0068514,0.28933,652.6155,7.013999999999999,3.6829,0.1479059999999999,0.019587,0.94504,12.5465,0.0768679999999999,1112306.899,0.016117,2.426590947,4.3212,0.69502,0.044696,84.5129,0.018338,0.016543,738.0816,0.034416,8.4683,422.3257,1.4403e-05,0.037526,0.0,8.4458,341.271,1326.5364,-1.1966,0.00027333,8.1009,-0.00055243,7.34375e-07,0.21031,0.015484,23.1238,1866.8551,17.9378,0.85716,0.91916,2.3747,25.0735,6.484,-1.2,7.486000000000001,0.93834,0.103156713,25.5011,0.064564
0.060752198,0.017501,31517.0161,0.44982,67.9757,3.7044,0.0194419999999999,6.1994,0.0012811,0.0080063999999999,0.038722,0.0099655,39.1373,1257.2758,3.9206,4.8661,0.016902,0.0600529999999999,61.539,0.0,0.63377,0.0154639999999999,6.5546,167.9881,0.07786,0.0,11.5779,26.9506,8.4608,0.016242,0.080776,4.1045,0.0030001999999999,1.1019e-06,0.1195,0.32283,623.6567,15.1348,4.4576,0.155925,0.024457,0.93805,22.5871,0.0792929999999999,1023857.267,0.017374,4.5784123910000005,21.6067,0.67193,0.050689,106.6102,0.02136,0.016323,518.0874,0.23893,9.5644,825.1855,1.297e-05,0.027744,58.5866,6.0873,341.1522,1307.9872,-1.2352,0.00028111,3.0978,0.066494,2.6625000000000002e-08,0.26599,0.014622,28.3116,2061.5355,44.9308,0.5816,0.81101,1.2031,19.3212,31.3966,-1.2008,30.2829,0.69552,0.110146341,11.5408,0.033507
0.714592201,0.024013,694461.0263,0.22884,20.2727,0.0,0.016951,0.0,0.0,0.1168,0.0083729,0.014875,0.0,842.9933,6.4902,0.0,4.5611,0.06659,53.8392,6.3141,0.70994,0.032224,0.0,0.0,0.039485,14.0091,0.064591,16.1932,6.2653,0.021132,0.013238,31.1879,0.0075497,0.0,-0.016553,0.44906,504.5756,0.0,1.8457,0.114863,0.017501,0.72492,0.0,0.053949,63617.0639,0.0,0.0,0.84719,0.73289,0.06112,107.1715,0.016271,0.019433,875.8728,0.0,0.090906,883.8291,1.9561e-05,0.013611,32.439,0.0,328.6246,857.6975,-1.2139,0.00042324,10.5128,0.0,1e-09,2.893,0.016466,27.7763,0.0,0.0,0.26837,0.93961,0.0,26.1155,0.0,-1.1269,3.6866,0.7735,0.090648332,37.8126,0.076557
0.146874766,0.016833,28420.0624,0.31363,85.9631,19.3316,0.017091,0.37074,0.00083296,17.9881,1.6636,0.010287,31.6879,939.2647,0.30555,7.0854,8.0254,0.079199,45.459,6.4298,0.68617,0.018009,3.1884,181.539,0.072359,7.3693,0.25463,21.0321,12.4682,0.010737,-0.0018392,8.4705,0.0062835,1.1533e-06,-0.0059267,0.28303,492.2504,36.8413,2.5046,0.110702,0.017398,0.86331,1.73,0.076073,85262.4813,0.022422,1.602529282,11.4665,0.7380800000000001,0.039914,87.0912,0.017262,0.016837,1044.6537,0.21185,3.9722,978.5285,1.8606e-05,0.042229,25.7002,0.031778,342.8854,1247.7897,-1.123,0.00046217,1.6126,0.0601159999999999,6.625e-09,0.26839,0.019221,17.7398,1616.8904,24.6226,1.1735,0.87785,10.3914,18.0652,34.691,-1.2099,10.8526,0.5947600000000001,0.0539979109999999,1.1361,0.080048
0.73640051,0.022654,1504615.634,0.19274,73.5495,0.0,0.016943,0.0,0.0,16.1538,0.015907,0.013332,0.0,919.7453,3.0542,0.0,0.18331,0.080295,18.0081,11.036,0.66493,0.03363,0.0,0.0,0.042773,58.5478,2.8415,20.3337,1.8413,0.023637,0.01088,1.6862,0.0060718,0.0,-0.34167,0.30685,540.1095,0.0,0.55494,0.0837538,0.019546,0.88357,0.0,0.080649,81543.8562,0.0,0.0,1.9485,0.73452,0.042606,98.4078,0.016824,0.016726,702.4957,0.0,0.18095,507.5361,2.0739e-05,0.011398,5.4741,0.0,340.5546,1235.0321,-1.0869,0.0018335,0.27639,0.0,7.98e-08,0.30552,0.018253,15.6992,0.0,0.0,0.2674,0.93871,0.0,18.9619,0.0,-1.1986,3.6996,0.59164,0.03930469,0.16665,0.034361
0.431007592,0.015612,3922145.829,0.43126,40.3895,27.4069,0.016662,4.5143,0.001439,0.15936,0.064977,0.0070072,19.9187,1329.304,3.7107,3.5603,5.7407,0.079966,80.4169,4.0452,0.60371,0.013987,9.4138,152.2535,0.11177,4.4666,0.05598,30.3671,47.9018,0.012128,-0.0017453,18.5693,0.0074205,3.86e-06,-0.00083436,0.38287,570.5591,27.7279,14.0065,0.132182,0.020411,0.9552,2.5114,0.057364,3251955.801,0.020745,0.04672318,65.2892,0.63389,0.058049,86.8498,0.017019,0.018495,627.7672,1.5832,1.5994,779.8277,6.5e-06,0.013434,41.738,0.96277,318.4611,912.6046,-1.2006,0.00031319,9.5826,-0.025491,1e-09,0.013345,0.012534,16.8348,1359.9146,9.3282,0.33219,0.95043,16.1532,27.6139,17.608,-1.0474,4.3026,0.77177,0.16394633,1.0276,0.080568
0.00344063,0.020581,1596.1486,0.80254,81.3257,19.9711,0.016637,9.4067,0.00091533,18.992,2.963,0.01149,6.5123,1334.1638,8.8889,7.1218,8.6043,0.078923,0.0,0.0,0.58757,0.023345,15.0507,208.5489,0.054192,100.0,5.1852,6.6667,7.4074,0.02021,0.018777,0.74074,0.011926,2.2358e-05,0.0037293,0.25088,659.294,23.0101,12.6022,0.0982937,0.018628,0.8883,0.18924,0.043318,431290.6415,0.025771,5.118518519,5.7333,0.66533,0.026451,142.0179,0.038101,0.022834,696.1839,0.28944,22.963,661.5399,1.4658e-05,0.059692,24.4444,40.0868,308.1995,839.1783,-1.1966,0.00062226,8.8889,0.095842,7.5e-07,0.0026034,0.011566,26.5902,1247.3411,14.3271,0.84427,0.87101,3.0391,28.7941,12.4457,-0.99439,31.4597,0.89302,0.02827629,0.18484,0.073618
0.006325766,0.014274,2110.9796,0.61948,47.2856,25.6196,0.016672,1.0802,0.001686,1.3067,0.87108,0.015714,33.9364,1319.9239,13.7631,3.0779,20.7749,0.078765,0.0,0.0,0.67696,0.014768,2.9556,202.2834,0.0926049999999999,100.0,7.6655,7.4913,11.6725,0.0099941,-0.031966,17.0732,0.020209,1.6299e-06,0.042876,0.33042,571.2198,11.6368,3.2503,0.0996083,0.0187139999999999,0.92923,4.2778,0.081242,536681.269,0.023016,26.28919861,2.1312,0.66643,0.0265889999999999,86.2116,0.017791,0.017002,874.1841,0.32472,23.1707,976.8024,1.1148e-05,0.12908,22.4739,0.16567,342.3903,1324.1979,-1.2029,0.00048168,8.885,0.156,2.89062e-07,0.77122,0.014163,27.2085,1799.1341,13.3135,1.0605,0.94919,30.8748,27.2911,13.6647,-1.2154,14.8529,0.62103,0.074974944,7.3779,0.074421
0.010150533,0.018202,17274.6045,0.64337,164.1016,1.836,0.016728,0.95471,0.0017333,25.8605,0.44723,0.01162,20.1958,1288.8118,12.1199,4.0768,4.8219,0.079473,0.0,0.0,0.63191,0.010047,1.1016,196.1527,0.077415,99.4639,3.3095,16.3238,13.1038,0.012381,0.098877,20.2147,0.011181,1.2248e-05,0.065346,0.23415,541.5227,4.9449,13.4415,0.0693917,0.021764,0.97085,0.79154,0.066847,9121803.004,0.024588,1.826923077,26.8573,0.65198,0.032715,141.3174,0.017394,0.017918,526.6939,0.04896,43.9177,818.2553,8.1e-06,0.045741,18.2469,0.29376,329.878,1090.1879,-1.1945,0.00023944,6.619,0.30156,7.5e-07,0.16358,0.0092694,23.6295,1112.7055,40.3427,0.50906,0.93034,39.1922,34.1195,5.2387,-1.1153,7.9659,0.67418,0.153824023,0.10048,0.06878
0.535961726,0.019639,912675.8887,0.32926,24.0994,0.0,0.017097,0.0,0.0,12.5982,0.04043,0.010289,0.0,1304.7224,0.33089,0.0,2.1443,0.073791,11.5139,8.7796,0.63006,0.011357,0.0,0.0,0.062918,46.7986,0.021279,34.5015,11.0384,0.015739,0.0080264,1.0278,0.0046079,0.0,0.021621,0.42827,670.9242,0.0,5.7157,0.0890151,0.018677,0.9342,0.0,0.056036,1579710.108,0.0,0.0,13.0675,0.7104,0.049395,58.3981,0.016349,0.019185,702.8891,0.0,0.037238,638.6741,1.1405e-05,0.021358,10.8788,0.0,322.2696,887.7882,-1.1968,0.00050564,35.3825,0.0,1e-09,0.0012288,0.0095765,16.4758,0.0,0.0,0.41145,0.88808,0.0,24.1818,0.0,-1.0903,41.073,0.65066,0.107942399,0.26543,0.073557
0.101526529,0.015552,732776.2052,0.51807,35.532,3.1959,0.016412,2.2721,0.0019184,0.20185,0.24279,0.0149,18.7341,1286.0394,9.0657,3.2455,12.0361,0.078538,0.0,0.6118600000000001,0.63453,0.014665,9.2485,169.0287,0.1027,79.0271,0.0086711,35.1008,13.6917,0.010841,0.049718,0.0,0.0065061,2.6551e-06,0.0354089999999999,0.38542,510.8623,1.1194,17.5642,0.062738,0.019862,0.97555,6.4943,0.076594,14327710.39,0.023384,2.083763278,4.0642,0.64285,0.043203,133.9071,0.018254,0.016668,705.9912,0.010403,0.18209,457.2941,1.1947e-05,0.0402649999999999,0.0043356,0.1872599999999999,346.9536,1081.1235,-1.2011,0.00043962,10.4661,0.23162,5.40312e-07,0.0012816,0.0129419999999999,32.2458,1589.0729,27.1503,0.77163,0.9652,0.9675,34.9952,37.7658,-1.2375,17.9462,0.61333,0.144871974,5.516,0.071188
0.315451959,0.021856,170850.678,0.40632,69.841,9.5745,0.017052,0.0,0.0028535,27.8998,0.034691,0.011744,24.4681,648.3223,10.3518,9.5146,8.7516,0.0739,0.0,0.0,0.62906,0.016264,8.5106,190.1268,0.041371,100.0,0.59668,4.5029,25.4284,0.01937,-0.0021824,0.49955,0.0051145,0.00020367,-0.12718,0.29661,340.4607,6.383,1.0678,0.0489647,0.016875,0.84722,0.028269,0.076509,122540.4557,0.023558,0.00652189,6.5113,0.70448,0.043959,130.9667,0.021133,0.016737,937.7713,4.2553,24.1171,463.636,1.9157e-05,0.037002,4.2392,3.1915,342.1801,1217.4438,-0.7801,0.00080662,20.2179,0.097446,4.48e-07,0.0064138,0.016297,14.6449,544.9135,14.8936,0.84441,0.88705,11.7021,14.4426,28.7234,-1.2095,36.1319,0.61712,0.032811749,0.1411,0.04945
0.220645586,0.016957,188045.8581,0.54333,54.3967,0.0,0.016838,0.0,0.0,17.0019,1.0576,0.013248,0.0,1329.4694,2.3968,0.0,4.9872,0.07827,8.1601,11.8635,0.63339,0.018393,0.0,0.0,0.073448,58.3758,0.018929,27.1247,17.5634,0.013666,-0.010306,26.5758,0.0069099,0.0,-0.0019116,0.31718,637.8965,0.0,10.9376,0.0898107,0.019242,0.96087,0.0,0.049205,3451594.529,0.0,0.0,5.4782,0.6893,0.042102,129.929,0.017607,0.020019,798.1609,0.0,2.4915,584.3638,1.0041e-05,0.02011,28.6201,0.0,318.514,912.6416,-1.209,0.00033083,22.0661,0.0,3.68e-07,1.0423,0.013422,28.3919,0.0,0.0,0.25767,0.92533,0.0,29.5057,0.0,-1.0838,12.1333,0.79258,0.147008441,0.0,0.081245
0.327438357,0.021267,220290.0574,0.34605,49.7422,0.0,0.017552,0.0,0.0,5.9878,0.53031,0.0073557,0.0,904.2291,15.3708,0.0,1.14,0.062356,0.0,0.0,0.62205,0.019079,0.0,0.0,0.045156,0.0,0.0,4.116,34.723,0.018703,-0.030822,15.2321,0.0056931,0.0,-0.14081,0.33447,474.7805,0.0,8.1484,0.16363,0.017406,0.85372,0.0,0.079476,247186.9717,0.0,0.0,20.971,0.68386,0.044599,129.8659,0.017717,0.016762,853.2695,0.0,26.3115,1010.1855,1.7021e-05,0.029992,12.6458,0.0,341.5666,1219.4139,-0.95872,0.00037532,21.5877,0.0,1e-09,0.003972,0.01369,13.5667,0.0,0.0,0.58984,0.85566,0.0,17.517,0.0,-1.2064,4.4527,0.63835,0.050105879,0.12313,0.063229
0.164353949,0.014731,84205.1257,0.45147,56.0227,9.6362,0.016401,2.5892,0.0012785,3.438,0.86635,0.011038,28.39,1317.6596,0.4922399999999999,4.5671,7.7509,0.079932,0.0070852,1.9626,0.63379,0.0099574,8.5345,172.1513,0.092275,95.3415,0.0,33.8072,20.8002,0.01181,-0.02502,23.4504,0.0085327999999999,7.8649e-07,-0.12585,0.31518,633.0271,4.8503,2.4155,0.0795768999999999,0.021557,0.93923,10.5576,0.067238,473037.0288,0.019553,1.776443254,7.9877,0.67013,0.040848,124.4616,0.019561,0.017138,757.5208,0.008867,0.13389,442.4731,1.2822e-05,0.015588,10.3489,0.46995,337.2247,1157.8374,-1.1956,0.00046569,39.8126,0.035266,1.18187e-07,0.0023809,0.0152039999999999,35.5551,1886.5985,35.7784,0.40834,0.90997,13.4845,43.1254,25.6922,-1.1643,17.1327,0.67309,0.100757698,1.8737,0.051759
0.490394269,0.025787,581034.8838,0.034587,48.0096,9.4856,0.017473,0.016751,0.0010639,0.054003,0.89177,0.017974,60.0518,739.9171,2.7235,5.7188,0.054003,0.064317,0.15652,1.3835,0.726,0.032732,0.064771,162.0668,0.03584,85.1812,1.4963,25.1334,7.132,0.021629,0.01735,34.3641,0.0051439,4.91e-07,-0.064426,0.36666,479.5068,29.8874,0.07056,0.0917514,0.026017,0.86514,18.6729,0.083228,55243.0677,0.020421,0.959784776,0.53528,0.77609,0.05814,117.1192,0.016943,0.016757,388.3385,0.090456,38.2731,914.0247,2.9925e-05,0.018378,44.8102,0.0078172,340.8795,1163.9515,-0.97092,0.0050501,6.1277,2.2565e-05,1.42e-07,0.054003,0.020357,23.7583,1946.885,32.9842,0.48374,0.92684,24.4735,15.4551,13.3507,-1.1994,6.3048,0.54915,0.141087297,1.9171,0.064026
0.721450202,0.020742,1458279.817,0.18953,79.9929,10.5092,0.016694,0.97595,0.001078,33.0157,0.084223,0.0084482,13.9463,1252.2826,5.7751,6.1078,6.1745,0.080301,0.0,0.57387,0.63131,0.019924,8.7694,188.8066,0.046969,94.8001,0.01301,6.2263,34.7218,0.014429,0.014355,3.4347,0.0047015,3.02e-06,-0.0049091,0.31448,606.9066,35.4173,4.6003,0.0675281,0.017369,0.83952,0.74969,0.080936,158835.3527,0.023898,0.048411063,14.7936,0.71718,0.056726,137.8678,0.016912,0.016392,873.6226,0.28289,9.3241,710.6743,1.6792e-05,0.017663,26.1132,0.33946,341.838,1254.9931,-1.2332,0.00045124,7.7389,-0.052591,3.94e-08,0.0020277,0.01998,14.9402,1463.4008,33.5926,0.86163,0.87881,2.3338,20.8918,42.6308,-1.2078,32.2836,0.75218,0.154269471,0.016222,0.080194
0.266493471,0.017115,97753.6839,0.302,50.1407,1.2858,0.017459,3.2111,0.0012687,20.0938,0.24799,0.016119,21.0899,888.6119,14.64,4.6128,2.9506,0.0707769999999999,96.8778,0.0,0.74069,0.022525,6.0752,210.7549,0.0619529999999999,0.0,13.5625,4.8572,8.7737,0.019822,-0.13797,11.1681,0.0089802,1.8268e-06,0.18855,0.32241,471.1142,22.3757,0.5984,0.149968,0.019599,0.91925,1.9566,0.080919,46110.1585,0.022969,1.256969386,0.28343,0.7324,0.0397519999999999,148.9223,0.017995,0.016631,886.0103,0.11565,12.5962,949.1032,2.4977e-05,0.051094,22.9861,0.79597,341.1145,1254.5928,-1.1398,0.0013524,5.0026,0.094217,1e-09,8.4344,0.023411,16.6631,1742.7815,23.1308,0.96394,0.94552,27.8046,21.7377,17.1576,-1.1981,0.3831199999999999,0.61241,0.030978096,3.3394,0.054182
0.186882918,0.018068,250587.4175,0.31116,49.8654,15.9943,0.016637,4.5781,0.0013712,17.2721,0.052598,0.015341,7.0861,1346.9401,3.1091,4.3696,0.045799,0.078287,0.041684,0.02501,0.71338,0.0189419999999999,15.144,140.8723,0.066588,57.8658,12.8923,12.3663,11.7936,0.016985,-0.14037,28.3736,0.0018186,8.715100000000001e-07,-0.061963,0.40668,717.2433,4.5275,0.8518,0.108427,0.023304,0.90239,21.1907,0.082139,336910.568,0.018409,2.309274736,2.1137,0.73806,0.078897,117.0243,0.016216,0.01669,630.9642,0.0075921999999999,1.4903,731.2318,2.431e-05,0.026974,20.4605,2.9458,341.5368,1229.034,-1.2085,0.00093256,8.8715,0.0885659999999999,1.6125e-08,1.2509,0.017056,29.7924,2085.005,6.9165,0.39597,0.93344,0.22018,37.2562,29.1314,-1.2037,12.4689,0.61226,0.074943829,1.7833,0.05023
0.665922847,0.023927,45801.2469,0.22179,43.4579,13.5952,0.016562,0.075529,0.00086895,19.9568,3.2043,0.014535,3.0967,1141.4564,0.81679,7.8987,22.3974,0.076947,0.0,0.0,0.65918,0.03793,0.075529,167.289,0.03261,99.8164,0.037698,4.6997,20.8302,0.021852,-0.00025087,24.0848,0.0087075,1.5194e-05,-0.0012235,0.36087,578.3865,4.3051,0.15978,0.065801,0.016565,0.82722,0.65664,0.082212,21402.3136,0.026093,0.05545782,0.74455,0.74916,0.043349,125.6797,0.02239,0.016573,920.1988,1.5106,16.0593,936.6364,2.565e-05,0.028186,18.916,0.075529,341.3743,1183.2435,-1.2837,0.0019674,16.8803,-0.1993,2.44e-08,2.5063,0.021802,23.3975,625.9785,23.716,0.62574,0.76768,21.7523,24.3386,0.45317,-1.2022,11.5273,0.86225,0.026429805,0.78851,0.075258
0.405250465,0.019341,154608.9415,0.48184,84.2675,1.9305,0.01673,3.668,0.001304,13.2943,1.0732,0.013667,15.444,1338.3388,2.5854,5.7582,23.3322,0.077459,0.0,0.0,0.66653,0.022795,17.9537,216.6536,0.050727,100.0,2.2244,21.5707,15.122,0.012712,0.0011182,27.4537,0.0056844,3.6427e-05,-9.6789e-05,0.30207,656.366,8.8803,1.0492,0.064907,0.018798,0.92349,0.10744,0.059781,207812.8307,0.025816,0.050536585,1.1913,0.68819,0.039125,100.1364,0.016858,0.018165,841.9203,0.7722,5.8049,1033.7273,2.32e-05,0.034793,17.2195,1.7375,325.1758,1031.547,-1.2016,0.0023923,4.1463,-0.14542,1e-09,1.3425,0.025241,16.0565,1193.7592,22.0077,0.54758,0.92886,4.4402,36.3374,28.7645,-1.0947,11.8072,0.59467,0.020815502,5.1497,0.076776
0.029299035,0.018275,37801.8125,0.30843,32.5897,12.4465,0.017262,0.18756,0.00095742,0.42186,0.42735,0.0146539999999999,35.5449,1315.1481,19.8955,5.8186,10.82,0.078651,71.6663,3.8651,0.6812600000000001,0.017953,2.1388,179.7809,0.061369,0.7854399999999999,0.59354,11.7521,13.509,0.0139759999999999,0.036074,30.7455,0.013335,9.26e-07,0.063178,0.3700199999999999,621.4212,9.0815,1.6776,0.129446,0.025805,0.92756,5.0759,0.065102,500523.0533,0.020419,8.480769231,2.3621,0.69276,0.032319,113.1448,0.016741,0.017567,442.2043,0.016797,3.2051,676.5902,1.6318e-05,0.0264769999999999,26.2583,0.05319,339.8384,1122.1931,-1.2013,0.00029656,18.2811,-0.0031165,3.44125e-07,0.24079,0.013954,25.2777,1582.3017,27.5132,0.58791,0.96687,11.0999,33.9077,35.3406,-1.1958,17.8501,0.8530399999999999,0.1006339369999999,1.0556,0.038242
0.045847786,0.015405,22033.9372,0.17768,75.0479,53.5211,0.016626,5.2193,0.0013342,12.6622,2.6257,0.014074,14.543,1289.4014,39.6529,4.5834,5.108,0.07935,0.0,0.0,0.69736,0.024198,7.2843,164.3832,0.080141,6.0382,0.66756,9.5683,16.0659,0.012751,-0.019197,18.3356,0.0090395,2.54e-06,-0.0060468,0.28464,735.3712,6.6938,0.62098,0.132843,0.020457,0.93034,7.12,0.075894,297366.8691,0.02189,12.13351135,1.4008,0.7326,0.036018,140.9573,0.01921,0.017252,946.7027,2.5051,13.3066,1063.7411,1.9528e-05,0.052682,18.7806,1.027,362.8447,1241.5156,-1.2398,0.00167,16.4664,0.15486,1e-09,0.0051285,0.018024,28.7596,948.0231,5.9933,0.55667,0.86699,16.6923,31.1185,16.0688,-1.27,25.8731,0.8073,0.036918437,4.8669,0.082136
0.00667881,0.013318,2558.6396,0.69344,41.7173,4.7291,0.017017,5.1204,0.0015666,0.7834,0.098814,0.0094403,13.762,1301.2138,1.4822,3.6094,1.4983,0.080308,80.2564,0.70684,0.56611,0.0083098,15.8204,168.1385,0.12259,0.0,2.5692,19.5652,6.7194,0.011077,0.0051251,16.8972,0.01285,5.69e-06,0.059669,0.31421,596.7937,25.3551,24.1076,0.144989,0.018129,0.92718,5.361,0.037482,2710271.294,0.01862,11.61758893,74.2902,0.66816,0.037374,80.218,0.024266,0.022355,859.3792,0.3062,10.2767,248.2329,1.0648e-05,0.06825,21.3439,1.0122,294.7509,788.8314,-1.1999,0.00034678,0.88933,-0.013384,3.21e-07,0.3481,0.0086106,19.9577,1677.374,22.3867,1.2772,0.9353,3.5723,27.0185,24.8278,-0.95567,5.9846,0.70085,0.094398007,14.6135,0.039516
0.047916736,0.023077,7932.1309,0.44052,57.6773,8.0656,0.016771,9.8428,0.0017499,48.7136,0.27759,0.0087043,10.458,714.2823,0.90215,4.386,0.2282,0.077851,0.0,0.0,0.69013,0.024888,17.5666,134.5145,0.038658,0.0,4.372,20.4025,3.5392,0.018086,0.13263,10.7564,0.0064477,2.2549e-05,-0.0063276,0.28498,375.0286,13.4655,3.3355,0.167382,0.023789,0.8901,0.22149,0.038216,108793.839,0.024583,1.015267176,5.9055,0.64592,0.035964,86.2195,0.029323,0.021745,439.0495,0.82023,6.5926,408.4409,2.2507e-05,0.035949,21.5822,6.015,296.9064,815.879,-0.98509,0.0010418,1.9431,-0.12461,1e-09,3.1138,0.015941,16.7125,1268.6846,28.1613,0.52484,0.78719,12.3035,9.1931,17.5666,-0.97617,0.87232,0.5612,0.017378154,0.018403,0.061466
0.152390139,0.019996,168296.0659,0.58114,64.6743,0.0,0.016755,0.0,0.0,0.26306,0.26603,0.011214,0.0,1259.7007,8.3662,0.0,2.2834,0.078549,11.0437,13.0483,0.64523,0.009066,0.0,0.0,0.065473,18.629,2.3897,11.3155,10.5266,0.011697,-0.29304,23.7776,0.0035359,0.0,-0.25317,0.3041,558.6569,0.0,5.9341,0.115221,0.027244,0.93855,0.0,0.062147,3368458.033,0.0,0.0,29.6667,0.65666,0.056532,163.2419,0.025645,0.018733,295.6128,0.0,0.02752,321.8641,1.5236e-05,0.0083087,24.6675,0.0,328.9512,938.1149,-1.2451,0.00042846,6.4581,0.0,2.35e-07,0.10473,0.012078,19.8783,0.0,0.0,0.13782,0.87412,0.0,25.369,0.0,-1.1228,6.8742,0.81384,0.105592528,0.18389,0.050271
0.015750463,0.023096,854.5556,0.64765,47.7702,7.0395,0.017371,2.6037,0.0019684,2.9118,0.4902,0.01114,26.4224,704.041,6.3725,3.8432,5.5674,0.078608,100.0,0.0,0.6868,0.030895,7.5217,235.9466,0.041374,0.0,12.2549,10.7843,2.451,0.017578,-0.30226,8.8235,0.008429,8.4517e-05,0.10869,0.28338,359.0273,3.4716,0.6854899999999999,0.1552869999999999,0.032079,0.8506,0.30559,0.044117,80007.7532,0.024061,5.083333333,2.0534,0.6550199999999999,0.029723,126.6533,0.037263,0.023898,283.0813,0.38573,20.5882,183.9152,3.8109e-05,0.069399,12.7451,0.77146,325.8167,783.9945,-1.0442,0.0029264,3.4314,-0.18659,1e-09,1.0674,0.019512,17.1842,979.2797,14.8505,0.30165,0.64642,17.7435,21.7124,21.1186,-1.124,2.0835,0.76736,0.00856193,1.1869,0.0495839999999999
0.1873366719999999,0.014443,247956.1995,0.6362800000000001,81.2491,6.1875,0.016536,41.7189,0.0013212,0.14477,0.034795,0.014505,3.6786,1272.6959,1.3507,4.0601,9.228,0.0802539999999999,82.6876,7.9459,0.59995,0.0094632,23.682,164.9272,0.10197,8.0176,0.044284,23.5687,18.8714,0.014339,-0.012188,0.22458,0.0058454,5.6598e-06,0.045137,0.30005,453.1281,6.2722,4.0748,0.0910046,0.020887,0.90923,0.48158,0.067447,5142596.666,0.025283,0.186594547,18.3765,0.62678,0.038336,89.5978,0.018463,0.017118,805.1063,0.27123,9.151,585.7378,7.6671e-06,0.031069,1.2842,12.9853,334.9052,1142.0441,-1.199,0.00042715,4.5328,0.0019590999999999,7.34375e-07,0.0015239,0.0090263,39.3118,1749.5624,23.4955,0.8947299999999999,0.92888,2.9497,39.8937,5.7467,-1.1488,13.0324,0.63915,0.113618996,3.5118,0.071897
0.259253721,0.013806,3038876.587,0.3157,18.5639,5.8946,0.016272,0.013826,0.0008634,4.0914,0.12497,0.01696,8.3312,1329.1587,29.9123,5.9088,0.25384,0.079678,0.0,0.1067099999999999,0.57729,0.011568,7.6567,165.0379,0.096363,87.5983,0.0,3.1397,5.2988,0.010744,-0.0017387999999999,54.0856,0.010529,4.6762e-07,0.021136,0.41426,586.8073,22.0807,6.9497,0.0734403,0.017943,0.94582,25.1978,0.030697,353140.0371,0.017217,1.251499654,4.331,0.69298,0.049431,88.1982,0.025268,0.0291389999999999,986.1496,0.0015363,0.069215,275.8888,1.2477e-05,0.0095586,19.9185,0.0030725,325.7225,703.9226,-1.1994,0.00041358,6.4293,0.0030084,1.1000000000000001e-08,0.013171,0.011597,29.758000000000003,1932.7367,31.1754,0.28458,0.93174,0.035334,26.1853,46.7915,-0.89199,17.8239,0.57416,0.12587431,6.6525,0.077137
0.268798121,0.019904,61344.6322,0.35814,106.4169,5.9413,0.016596,0.70227,0.00092614,0.29946,0.027458,0.012374,27.4191,1171.3822,0.11233,6.693,1.0439,0.074916,0.54805,2.7472,0.62302,0.015252,5.2518,162.2959,0.051624,80.0606,0.086119,11.5549,12.295,0.014689,0.0013244,2.8307,0.0039771,1.16e-06,-0.047638,0.28342,686.2172,3.3231,10.867,0.0649292,0.017449,0.82421,1.5702,0.076408,862074.5062,0.022895,0.490514465,25.9728,0.7002,0.04587,91.141,0.017729,0.016708,931.0635,0.030534,21.4822,617.6546,1.4961e-05,0.037923,7.0018,0.3206,342.2689,1252.8298,-1.1174,0.00011765,2.7808,-0.020975,2.93e-07,0.0033585,0.013242,18.6421,1387.0484,46.9861,1.2912,0.77014,3.1882,23.1998,46.037,-1.2091,36.8588,0.44562,0.20970227,5.1127,0.061098
0.57109256,0.022686,264042.5599,0.25053,96.4522,0.0,0.016601,0.0,0.0,34.7381,0.59056,0.015751,0.0,1089.1307,2.5982,0.0,5.2273,0.075115,0.0,0.0,0.62467,0.017156,0.0,0.0,0.040466,88.7414,5.7227,13.6932,6.9429,0.016749,-0.0014312,33.2598,0.0035269,0.0,0.0017263,0.2883,623.8321,0.0,2.8409,0.0734378,0.016644,0.82358,0.0,0.080002,76253.7974,0.0,0.0,3.7269,0.73958,0.050039,137.6903,0.016476,0.016388,921.9019,0.0,6.9038,874.3019,1.7668e-05,0.024026,22.8685,0.0,339.3432,1260.3065,-1.1536,0.00035317,3.1329,0.0,3.23e-08,0.031602,0.021931,24.3773,0.0,0.0,1.0077,0.83099,0.0,20.5775,0.0,-1.1864,13.2654,0.75795,0.088254107,0.020448,0.076386
0.65844108,0.022997,515413.2414,0.1937,39.1993,2.3785,0.01767,13.3097,0.0011018,10.3505,3.6657,0.012788,16.9534,929.0627,3.0884,5.3465,0.0096607,0.062402,57.3377,10.0439,0.66356,0.020991,17.8138,138.6486,0.040465,15.5415,0.1033,10.7374,22.9683,0.018321,-0.055916,22.5126,0.0041101,1.0072e-05,0.00060517,0.35488,492.3689,9.413,1.7101,0.112377,0.017724,0.8605,0.60373,0.081338,253413.0941,0.024397,0.019076674,1.4833,0.71587,0.05445,97.5722,0.017342,0.016753,793.6292,0.55668,13.7534,976.4356,2.0602e-05,0.01794,25.2582,1.9231,340.9086,1198.4584,-1.1259,0.00045753,20.0392,-0.10773,1e-09,0.011593,0.013997,12.5824,1547.8035,13.5628,0.44854,0.90273,7.2874,14.8463,16.8522,-1.199,9.0115,0.52126,0.097109086,0.025118,0.077702
0.704257803,0.024047,1564274.159,0.19209,25.67,16.648,0.017403,1.2914,0.00077904,0.47744,0.0043427,0.015914,9.3768,934.3609,8.789,7.5428,0.19281,0.062315,0.0,0.62929,0.68115,0.020295,3.2004,191.4267,0.035889,90.8288,0.02099,35.3701,17.8812,0.01981,-0.01923,4.8385,0.0050698,7.04e-06,-0.10184,0.39653,549.1641,9.0399,3.3008,0.0619586,0.018709,0.76166,0.40321,0.077163,299086.8257,0.024606,0.025781329,1.0411,0.70672,0.060703,127.6794,0.018527,0.016599,721.9228,1.123,11.7558,713.1235,2.2884e-05,0.017914,39.521,0.36496,356.2222,1192.7289,-1.0721,0.00054942,14.96,-0.051474,1e-09,0.0018363,0.014106,18.1368,1605.3316,19.3431,0.4835,0.93958,32.0887,18.6548,2.6109,-1.2649,0.45173,0.58192,0.125971526,0.34706,0.064267
0.744723969,0.024243,13056789.59,0.19526,28.2571,1.7251,0.016537,11.1051,0.0031003,0.81054,0.0031642,0.011221,4.2049,1262.6346,4.4748,3.85,8.1226,0.076512,3.7801,5.1379,0.6905,0.023842,37.1429,185.1793,0.036384,67.7665,11.8884,3.8913,13.8565,0.019505,0.20585,30.5316,0.0045239,1.2478e-05,0.066241,0.50175,584.3816,7.655,1.039,0.0846096,0.021146,0.82141,0.98283,0.081431,134488.5536,0.02311,0.01173902,3.7548,0.71992,0.073021,119.6794,0.018328,0.016756,518.6797,0.26954,0.41957,992.2481,2.3069e-05,0.012344,6.11,1.5633,341.6577,946.3367,-1.249,0.00038776,6.5795,-0.55329,1e-09,7.5606,0.015463,24.6167,1339.8475,4.2588,0.33174,0.97779,1.6173,27.5551,12.3989,-1.2029,0.39571,0.56371,0.131583484,0.75701,0.060205
0.2340269989999999,0.022502,204806.7688,0.23804,96.1464,0.5352399999999999,0.017422,1.6192,0.0011424,24.074,0.32166,0.0081225,4.4412,667.7881,5.4188,4.9801,0.2719,0.067286,33.9518,0.0,0.67994,0.0191919999999999,20.013,192.3897,0.053496,0.0,0.049487,2.1403,36.2056,0.01895,-0.022876,0.068044,0.0042075,8.154899999999999e-07,0.0709299999999999,0.29074,379.699,6.4382,1.2895,0.155363,0.027342,0.8691399999999999,9.1815,0.075409,419391.4292,0.0221069999999999,1.612210813,6.5284,0.67882,0.042687,139.6272,0.022784,0.016242,432.7894,0.023021,0.8598299999999999,389.6435,2.692e-05,0.029291,0.0742299999999999,0.0095921,341.9343,1280.576,-0.89297,0.00060443,25.068,-0.045076,1e-09,0.0093115,0.0128389999999999,15.9537,1775.0979,8.8958,0.8115,0.9319,0.48344,16.5363,29.256,-1.2044,3.4937,0.5331,0.102227616,0.044695,0.0407029999999999
